# REACHES,
Johnstone Strait : Vancouver,       1:22
Juan de Fuca Strait : Vancouver,   23:39
Vancouver : Steveston,             40:40 
Steveston : Port Mann,             40:42
Port Mann : Pitt,		   43:43
Pitt : Barnston Island,            44:44
Barnston Island : Stave,           44:45 
Stave : Mission,                   46:47
Mission : Chilliwack,              48:48 
Chilliwack : Sweltzer,            133:134
Chilliwack : Harrison,             49:49 
Harrison : Coquihalla,             50:55 
Coquihalla : Hope,                 56:56 
Hope : Sawmill,                    56:58
Sawmill : Hells Gate,              59:61
Hells Gate : Nahatlatch,           62:63 
Nahatlatch : Thompson,             64:66 
Thompson : Spences Bridge,        135:140
Spences Bridge : Ashcroft,        141:144
Ashcroft : Bonaparte,             145:145
Bonaparte : Timber's House,       145:150
Timber's House : N.Thompson,      151:151
N.Thompson : Little River,        152:158
Little River : Adams,             159:159
Little River : Shuswap,           159:167
Thompson : Texas,                  67:70
Texas : Seton,                     71:72
Seton : Bridge,                    73:73
Bridge : Kelly,                    74:77
Kelly : Deadman,                   78:86 
Deadman : Chilcotin,               87:88
Chilcotin : Chilko,               168:178
Chilko : Taseko,                  179:181
Chilcotin : Quesnel,               89:104
Quesnel : Cariboo,                182:191
Cariboo : Horsefly,               192:195
Horsefly : McKinley,              196:202
Quesnel : Naver,                  105:113
Naver : Nechako,                  114:119
Nechako : Stuart,                 203:212
Stuart : Tachie,                  213:228
Nechako : Bowron,                 120:132
Bowron : Indianpoint,             229:243
Indianpoint : Kruger,             244:246
Pitt : Pitt.ES.CU,                247:251
Stave : Hayward.L.CU,             252:252
Sweltzer : Cultus.L.CU,           253:253
Sweltzer : Chilliwack.ES.CU,      254:259
Harrison : Harrison.US.L.CU,      260:261
Harrison : Harrison.DS.L.CU,      260:269
Harrison : Lillooet.L.CU,         260:279
Coquihalla : Kawkawa.L.CU,        280:280
Nahatlatch :  Nahatlatch.ES.CU,   281:283
Adams : Adams.L.CU,               284:291
Adams : Adams.ES.CU,              284:291
Shuswap : Shuswap.L.CU,           292:293
Shuswap : Shuswap.ES.CU,          292:293
Shuswap : Mabel.L.CU,             292:305
Seton : Seton.L.CU,               306:308
Seton : Anderson.ES.CU,           306:311
Taseko : Taseko.ES.CU,            312:323
Taseko : Chilko.ES.CU,            324:336
Taseko : Chilko.S.CU,             324:336
Cariboo : Cariboo.CU,             337:341
Horsefly : Quesnel.S.CU,          342:348
McKinley : McKinley.S.CU,         349:350
Stuart : Fraser.ES.CU,            351:362
Stuart : Fraser.S.CU,             351:362
Stuart : Francois.ES.CU,          351:374
Stuart : Francois.S.CU,           351:374
Stuart : Nadina.ES.CU,            351:381
Tachie : Stuart.S.CU,             382:384
Tachie : Stuart.Estu.CU,          382:384
Tachie : Takla.Estu.CU,           385:402
Tachie : Takla.S.CU,              385:402
Indianpoint : Bowron.ES.CU,       403:406
Indianpoint : Kruger.ES.CU,       407:407
N.Thompson : Kamloops.ES.CU,      408:430
Thompson : Kamloops.L.CU,         135:150
