NODES,REACHID
Johnstone Strait,1
Juan de Fuca Strait,23
Vancouver,40
Steveston, 40
Port Mann, 43
Pitt,44
Barnston Island,44
Stave,46
Mission,47
Chilliwack,49
Sweltzer,135
Harrison,50
Hope, 56
Coquihalla,56
Qualark, 58
Sawmill, 59
Hells Gate,61
Nahatlatch,64
Thompson,66
Spences Bridge,140
Ashcroft,144
Bonaparte, 145
Timber's House,151
N.Thompson,152
Little River,159
Adams,160
Shuswap,168
Texas, 71
Seton,73
Bridge,74
Kelly, 77
Deadman, 87
Chilcotin,89
Chilko,179
Taseko,182
Quesnel,105
Naver, 113
Cariboo,192
Horsefly,196
McKinley,203
Nechako,120
Stuart,213
Tachie,229
Bowron,133
Indianpoint,244
Kruger,247
Pitt.ES.CU,252
Hayward.L.CU,253
Cultus.L.CU,254
Chilliwack.ES.CU,260
Harrison.US.L.CU,262
Harrison.DS.L.CU,270
Lillooet.L.CU,280
Kawkawa.L.CU,281
Nahatlatch.ES.CU,284
Adams.L.CU,292
Adams.ES.CU,292
Shuswap.L.CU,294
Shuswap.ES.CU,294
Mabel.L.CU,306
Seton.L.CU,309
Anderson.ES.CU,312
Taseko.ES.CU,324
Chilko.ES.CU,337
Chilko.S.CU,337
Cariboo.CU,342
Quesnel.S.CU,349
McKinley.S.CU,351
Fraser.ES.CU,363
Fraser.S.CU,363
Francois.ES.CU,375
Francois.S.CU,375
Nadina.ES.CU,382
Stuart.S.CU,385
Stuart.EStu.CU,385
Takla.Estu.CU,403
Takla.S.CU,403
Bowron.ES.CU,407
Kruger.ES.CU,408
Kamloops.ES.CU,431
Kamloops.L.CU,151
