Stock Name,CU,Twidth,Tstart,T,Tend
Chilliwack-Es,L-03-01,86,37,81,123
Stuart-Estu,L-06-12,86,37,81,123
Takla/Trembleur-Estu,L-06-14,86,37,81,123
Pitt-Es,L-03-05,94,77,125,171
Nahatlatch-Es,L-05-02,110,69,125,179
Anderson-Es,L-06-01,110,59,125,169
Chilko-Es,L-06-02,110,57,113,167
Taseko-Es,L-06-16,110,69,125,179
Francois-Es,L-06-04,110,57,113,167
Fraser-Es,L-06-06,110,57,113,167
Nadina-Es,L-06-09,110,57,113,167
Bowron-Es,L-07-01,110,69,125,179
Indian/Kruger-Es,L-07-02,110,69,125,179
Shuswap Complex-Es,L-09-02,110,77,133,187
Kamloops-Es,L-10-01,110,69,125,179
Chilko-S,L-06-03,154,63,141,217
Francois-S,L-06-05,114,83,141,197
Fraser-S,L-06-07,114,83,141,197
McKinley-S,L-06-08,138,87,157,225
Quesnel-S,L-06-10,138,87,157,225
Stuart-S,L-06-13,114,77,135,191
Takla/Trembleur-S,L-06-15,118,75,135,193
Lillooet-L,L-04-01,124,113,175,237
Harrison (D/S)-L,L-03-03,122,113,175,235
Kawkawa-L,L-05-01,120,115,175,235
Cultus-L,L-03-02,110,91,147,201
Harrison (U/S)-L,L-03-04,56,119,147,175
Widgeon-L,NA,110,91,147,201
Lower Fraser-L,NA,110,91,147,201
Seton-L,L-06-11,120,87,147,207
Kamloops-L,L-09-01,106,93,147,199
Shuswap Complex-L,L-09-03,90,101,147,191
