Stock Name,CU,Twidth,Tstart,T,Tend
Chilliwack-Es,L-03-01,85,62,104,146
Stuart-Estu,L-06-12,85,96,138,180
Takla/Trembleur-Estu,L-06-14,85,96,138,180
Pitt-Es,L-03-05,94,99,146,193
Nahatlatch-Es,L-05-02,110,87,142,197
Anderson-Es,L-06-01,110,87,142,197
Chilko-Es,L-06-02,110,105,160,215
Taseko-Es,L-06-16,110,117,172,227
Francois-Es,L-06-04,110,107,162,217
Fraser-Es,L-06-06,110,107,162,217
Nadina-Es,L-06-09,110,107,162,217
Bowron-Es,L-07-01,110,121,176,231
Indian/Kruger-Es,L-07-02,110,121,176,231
Shuswap Complex-Es,L-09-02,110,119,174,229
Kamloops-Es,L-10-01,110,111,166,221
Chilko-S,L-06-03,153,112,188,264
Francois-S,L-06-05,116,128,186,244
Fraser-S,L-06-07,116,128,186,244
McKinley-S,L-06-08,138,123,192,261
Quesnel-S,L-06-10,138,123,192,261
Stuart-S,L-06-13,116,128,186,244
Takla/Trembleur-S,L-06-15,119,127,186,246
Lillooet-L,L-04-01,124,136,198,260
Harrison (D/S)-L,L-03-03,122,127,188,249
Kawkawa-L,L-05-01,120,122,182,242
Cultus-L,L-03-02,109,135,195,244
Harrison (U/S)-L,L-03-04,56,219,242,275
Widgeon-L,NA,109,125,185,234
Lower Fraser-L,NA,109,125,185,234
Seton-L,L-06-11,119,143,205,262
Kamloops-L,L-09-01,107,161,218,268
Shuswap Complex-L,L-09-03,89,189,239,278
