Stock Name,CU,Twidth,Tstart,T,Tend
Chilliwack-Es,L-03-01,85,62,104,146
Stuart-Estu,L-06-12,85,96,138,180
Takla/Trembleur-Estu,L-06-14,85,96,138,180
Pitt-Es,L-03-05,94,93,140,187
Nahatlatch-Es,L-05-02,110,91,146,201
Anderson-Es,L-06-01,110,89,144,199
Chilko-Es,L-06-02,110,119,174,229
Taseko-Es,L-06-16,110,119,174,229
Francois-Es,L-06-04,110,97,152,207
Fraser-Es,L-06-06,110,97,152,207
Nadina-Es,L-06-09,110,125,180,235
Bowron-Es,L-07-01,110,123,178,233
Indian/Kruger-Es,L-07-02,110,123,178,233
Shuswap Complex-Es,L-09-02,110,113,168,223
Kamloops-Es,L-10-01,110,113,168,223
Upper Fraser-Es,L-06-06,110,125,180,235
Chilko-S,L-06-03,153,126,202,278
Francois-S,L-06-05,116,120,178,236
Fraser-S,L-06-07,116,120,178,236
Mckinley-S,L-06-08,138,117,186,255
Quesnel-S,L-06-10,138,117,186,255
Stuart-S,L-06-13,116,126,184,242
Takla/Trembleur-S,L-06-15,119,125,184,244
Lillooet-L,L-04-01,124,136,198,260
Harrison (D/S)-L,L-03-03,122,127,188,249
Kawkawa-L,L-05-01,120,122,182,242
Cultus-L,L-03-02,113,125,184,238
Harrison (U/S)-L,L-03-04,64,201,230.6666667,265
Widgeon-L,NA,113,115,174,228
Lower Fraser-L,NA,113,115,174,228
Seton-L,L-06-11,119,131,192,250
Kamloops-L,L-09-01,111,149,207.3333333,260
Shuswap Complex-L,L-09-03,103,179,234.6666667,282
