Stock Name,CU,Twidth,Tstart,T,Tend
Chilliwack-Es,L-03-01,86,37,81,123
Stuart-Estu,L-06-12,86,37,81,123
Takla/Trembleur-Estu,L-06-14,86,37,81,123
Pitt-Es,L-03-05,94,71,119,165
Nahatlatch-Es,L-05-02,110,73,129,183
Anderson-Es,L-06-01,110,63,119,173
Chilko-Es,L-06-02,110,73,129,183
Taseko-Es,L-06-16,110,73,129,183
Francois-Es,L-06-04,110,49,105,159
Fraser-Es,L-06-06,111,48,105,159
Nadina-Es,L-06-09,110,77,133,187
Bowron-Es,L-07-01,110,73,129,183
Indian/Kruger-Es,L-07-02,110,73,129,183
Shuswap Complex-Es,L-09-02,110,73,129,183
Kamloops-Es,L-10-01,110,73,129,183
Upper Fraser-Es,L-06-06,110,77,133,187
Chilko-S,L-06-03,154,79,157,233
Francois-S,L-06-05,114,75,133,189
Fraser-S,L-06-07,114,75,133,189
Mckinley-S,L-06-08,138,81,151,219
Quesnel-S,L-06-10,138,81,151,219
Stuart-S,L-06-13,114,75,133,189
Takla/Trembleur-S,L-06-15,118,73,133,191
Lillooet-L,L-04-01,124,113,175,237
Harrison (D/S)-L,L-03-03,122,113,175,235
Kawkawa-L,L-05-01,120,115,175,235
Cultus-L,L-03-02,50,111,137,161
Harrison (U/S)-L,L-03-04,50,111,137,161
Widgeon-L,NA,50,111,137,161
Lower Fraser-L,NA,50,111,137,161
Seton-L,L-06-11,50,111,137,161
Kamloops-L,L-09-01,50,111,137,161
Shuswap Complex-L,L-09-03,50,111,137,161
