Stock Name,CU,Twidth,Tstart,T,Tend
Chilliwack-Es,L-03-01,85,66,108,150
Stuart-Estu,L-06-12,85,100,142,184
Takla/Trembleur-Estu,L-06-14,85,100,142,184
Pitt-Es,L-03-05,94,133,180,227
Nahatlatch-Es,L-05-02,110,123,178,233
Anderson-Es,L-06-01,110,141,196,251
Chilko-Es,L-06-02,110,121,176,231
Taseko-Es,L-06-16,110,159,214,269
Francois-Es,L-06-04,110,119,174,229
Fraser-Es,L-06-06,110,119,174,229
Nadina-Es,L-06-09,110,147,202,257
Bowron-Es,L-07-01,110,163,218,273
Indian/Kruger-Es,L-07-02,110,163,218,273
Shuswap Complex-Es,L-09-02,110,137,192,247
Kamloops-Es,L-10-01,110,149,204,259
Upper Fraser-Es,L-06-06,110,147,202,257
Chilko-S,L-06-03,153,124,200,276
Francois-S,L-06-05,116,142,200,258
Fraser-S,L-06-07,116,142,200,258
Mckinley-S,L-06-08,138,135,204,273
Quesnel-S,L-06-10,138,135,204,273
Stuart-S,L-06-13,116,146,204,262
Takla/Trembleur-S,L-06-15,119,145,204,264
Lillooet-L,L-04-01,124,150,212,274
Harrison (D/S)-L,L-03-03,122,141,202,263
Kawkawa-L,L-05-01,120,136,196,256
Cultus-L,L-03-02,101,125,179,226
Harrison (U/S)-L,L-03-04,66,199,226,265
Widgeon-L,NA,101,115,169,216
Lower Fraser-L,NA,101,115,169,216
Seton-L,L-06-11,103,133,188,236
Kamloops-L,L-09-01,95,155,206,250
Shuswap Complex-L,L-09-03,83,185,230,268
