Stock Name,CU,Twidth,Tstart,T,Tend
Chilliwack-Es,L-03-01,86,41,85,127
Stuart-Estu,L-06-12,86,41,85,127
Takla/Trembleur-Estu,L-06-14,86,41,85,127
Pitt-Es,L-03-05,94,111,159,205
Nahatlatch-Es,L-05-02,110,103,159,213
Anderson-Es,L-06-01,110,109,165,219
Chilko-Es,L-06-02,110,65,121,175
Taseko-Es,L-06-16,110,103,159,213
Francois-Es,L-06-04,110,61,117,171
Fraser-Es,L-06-06,110,61,117,171
Nadina-Es,L-06-09,110,89,145,199
Bowron-Es,L-07-01,110,103,159,213
Indian/Kruger-Es,L-07-02,110,103,159,213
Shuswap Complex-Es,L-09-02,110,93,149,203
Kamloops-Es,L-10-01,110,103,159,213
Upper Fraser-Es,L-06-06,110,89,145,199
Chilko-S,L-06-03,154,71,149,225
Francois-S,L-06-05,114,87,145,201
Fraser-S,L-06-07,114,87,145,201
Mckinley-S,L-06-08,138,93,163,231
Quesnel-S,L-06-10,120,93,163,213
Stuart-S,L-06-13,114,87,145,201
Takla/Trembleur-S,L-06-15,118,85,145,203
Lillooet-L,L-04-01,124,127,189,251
Harrison (D/S)-L,L-03-03,122,127,189,249
Kawkawa-L,L-05-01,120,129,189,249
Cultus-L,L-03-02,50,111,137,161
Harrison (U/S)-L,L-03-04,50,111,137,161
Widgeon-L,NA,50,111,137,161
Lower Fraser-L,NA,50,111,137,161
Seton-L,L-06-11,50,111,137,161
Kamloops-L,L-09-01,50,111,137,161
Shuswap Complex-L,L-09-03,50,111,137,161
