CU,Name
L-03-01,Chilliwack.ES.CU
L-03-02,Cultus.L.CU
L-03-03,Harrison.DS.L.CU
L-03-04,Harrison.US.L.CU
L-03-05,Pitt.ES.CU
L-04-01,Lillooet.L.CU
L-05-01,Kawkawa.L.CU
L-05-02,Nahatlatch.ES.CU
L-06-01,Anderson.ES.CU
L-06-02,Chilko.ES.CU
L-06-03,Chilko.S.CU
L-06-04,Francois.ES.CU
L-06-05,Francois.S.CU
L-06-06,Fraser.ES.CU
L-06-07,Fraser.S.CU
L-06-08,McKinley.S.CU
L-06-09,Nadina.ES.CU
L-06-10,Quesnel.S.CU
L-06-11,Seton.L.CU
L-06-12,Stuart.Estu.CU
L-06-13,Stuart.S.CU
L-06-14,Takla.Estu.CU
L-06-15,Takla.S.CU
L-06-16,Taseko.ES.CU
L-07-01,Bowron.ES.CU
L-07-02,Kruger.ES.CU
L-09-01,Kamloops.L.CU
L-09-02,Shuswap.ES.CU
L-09-03,Shuswap.L.CU
L-10-01,Kamloops.ES.CU