# obsDesign.csv
# This file contains the observation program design
# First column is the timestep at which the observation is to take place
# Second column is a text string with the expression to be evaluated
#   ---> Make sure that the second column is surrounded by quotes!!!
t, Expression
#125, "CU <- tagFish.obs( CU, tags = 500, reach = 19, stoch = TRUE )"
#125, "print( relAbun.obs( CU, reach = 19, q = 0.02, cvq = 1, skill = matrix( rep( c( 0.96, 0.01, 0.01, 0.01, 0.01, 0.01 ), length.out = 25 ) , nrow = 5, ncol = 5 ) ) )"
#1, "harvOriginal <- harv$harvM"
#1:360, "TotalMissionPassage <- sum( count.obs( CU, cv = 0.05 )[,'Mission'] )"
#1:360, "cat( 'Total Mission Passage, t =', t, 'was', TotalMissionPassage, '\n' )"